id,created_at,user_id,content,attachment_base,attachment_extension,title,name
47008278,1642139937,OBrw7Cn,"好的，总之就是开放式结局。具体是多周目还是氪金解锁还是怎样，之后再决定吧。<br />
<br />
另外主角确定不是纯人类了，所以现在来拍定主角的身份……<br />
1/4/7 某位邪神的代言人/接班人<br />
2/5/8 邪神某种力量的凝聚物<br />
3/6/9 最初的机械人型<br />
0 邪神本神<br />
一尾",,,,
47008321,1642139996,LOnD23c,"<font color=""#789922"">&gt;&gt;No.47006662</font><br />
⊂彡☆))∀`)fgo人家那是先有之前型月的积累前期才起来的，不然前期剧情剧情不行、保底保底没有的，能活才怪了",,,,
47008322,1642139996,oUKCW3l,r冲鸭,,,,
47008334,1642140021,LOnD23c,第三个什么五河士道,,,,
47008345,1642140033,oUKCW3l,双连能抬到3吗,,,,
47008359,1642140052,kCwcuVU,"<font color=""#789922"">&gt;&gt;No.47008278</font><br />
r",,,,
47008451,1642140231,YVKbziT,"<font color=""#789922"">&gt;&gt;No.47008321</font><br />
那我们就加保底！搞剧情！反正不深挖那些玩家又看不出来哪里不对( `д´)",,,,
47008552,1642140433,OBrw7Cn,"<font color=""#789922"">&gt;&gt;No.47008321</font><br />
主角是某位邪神的眷者/行者。他可能知道，也可能并不自知……<br />
<br />
他供奉于……<br />
1 理之泉<br />
2 握运翁<br />
3 血王座<br />
4 影中灯<br />
5 千貌神<br />
6 刽子手<br />
7 蜜之父<br />
8 冬雷<br />
9 虫昼<br />
0 空之空<br />
一尾",,,,
47008578,1642140484,L1WlCzS,r,,,,
47008674,1642140735,OBrw7Cn,"<font color=""#789922"">&gt;&gt;No.47008578</font><br />
好，我已经完全明白了",,,,
47008695,1642140773,YVKbziT,"<font color=""#789922"">&gt;&gt;No.47008674</font><br />
( ﾟ∀。)7po你理解了什么啊！！",,,,
47008818,1642141055,L1WlCzS,( ﾟ∀。)啊？,,,,
47008842,1642141104,kCwcuVU,"<font color=""#789922"">&gt;&gt;No.47008695</font><br />
我理解了一切.jpg",,,,
47009061,1642141587,kCwcuVU,"<font color=""#789922"">&gt;&gt;No.47008552</font><br />
0 缘之空（dog.jpg）",,,,
47009534,1642142470,OBrw7Cn,"你想了想，决定这样写开头的剧情：<br />
<br />
主角表面上是一个一般通过维修工，出生于“怪物”出现前的文明重建期，成长于“怪物”和灾害的阴影之下。<br />
<br />
一次偶然的事故，主角陷入严重的昏迷，丢失了大量记忆，只记得自己的名字。在梦中与一名少女相遇。“请帮助我，我想活下去。”听到少女的哀求，主角糊里糊涂地答应了。<br />
<br />
随后主角在坍塌的医院中惊醒。眼前是一只巨型怪物和一位英姿飒爽却伤痕累累的机娘。<br />
<br />
在机娘的指导下，主角临危受命替机娘维修躯体。也是这时，主角觉醒了自己超越科学常理的维修能力和强化能力，帮助机娘击杀了怪物[h] 即梦中的少女 [/h]。<br />
<br />
这也就是教学关的剧情。<br />
<br />
机娘既惊又喜，将主角带回机构。从此，主角成为机构的特殊作战人员，在救灾全球的过程中不断了解世界、挖掘自己的过去，并结识更多机娘，组建自己的水晶宫！<br />
<br />
当然，随着剧情发展，玩家会发现主角其实是命运邪神“冬雷”的代言人。所谓的拯救世界，似乎不过是“冬雷”预设的游戏结局。<br />
<br />
至于后面……(`ゥ´ )还没想到，但先引玩家入坑就够了！",,,,
47009812,1642142973,OBrw7Cn,"漫长的一季即将过去，你的剧情工作也大有进度。<br />
<br />
※剧情进度：9/20一期<br />
※奖励进度<br />
1-3 +2<br />
4-6 +4<br />
7-9 +6<br />
0 +8<br />
一尾",,,,
47009844,1642143046,uBy9Xb0,r！,,,,
47009887,1642143131,YVKbziT,"<font color=""#789922"">&gt;&gt;No.47009844</font><br />
连号有抬吗( ﾟ∀。)",,,,
47010367,1642144062,kCwcuVU,开头可以废萌一点，先引导玩家入坑。然后越玩越感到策划组的恶意( ﾟ∀。),,,,
47010589,1642144503,OBrw7Cn,"<font color=""#789922"">&gt;&gt;No.47010367</font><br />
怎么废萌？<br />
<br />
比如说第一位机娘是白发红瞳萝莉？",,,,
47010726,1642144743,OBrw7Cn,"<font color=""#789922"">&gt;&gt;No.47009844</font><br />
(　ﾟ 3ﾟ)抬，都可以抬",,,,
47010822,1642144926,8UOpkii,"说来 这个主角代称是什么 真叫修理工吗<br />
要不叫 检查官？",,,,
47010890,1642145034,OBrw7Cn,"目前制作进度：（色度适宜区间为6-8）<br />
①立绘卡面：5/10，平均色度7<br />
②音乐配音：3/10，平均色度8<br />
③剧情设定：15/20，平均暗度9<br />
<br />
R一个目前国内市场对黑深残游戏的接受度（即暗度适宜值）<br />
1-3 要弘扬正能量！（要求6以下）<br />
4-6 可以适当放宽（要求7以下）<br />
7-9 梦回2000年（要求8以下）<br />
0 玩家的狂欢（要求9以下）<br />
二尾和",,,,
47010913,1642145066,ygjv6pE,r,,,,
47011062,1642145311,YVKbziT,r,,,,
47011074,1642145336,YVKbziT,( ﾟ∀。)7尴尬了,,,,
47011114,1642145428,OBrw7Cn,"※是否使用灌铅骰子？<br />
灌铅骰子：1<br />
<br />
※暗度不符合要求需要继续完善剧情、冲淡暗度，或者冒着查封或罚款的风险上市。",,,,
47011147,1642145491,YVKbziT,肥哥们有没有真善美的主意来点( ﾟ∀。)7或者用骰子？,,,,
47011253,1642145656,kCwcuVU,"<font color=""#789922"">&gt;&gt;No.47011147</font><br />
我觉得可以来个灌铅啊，不然以后也得来真善美，就要做克系(*ﾟ∇ﾟ)",,,,
47011282,1642145723,L1WlCzS,克，都可以克,,,,
47011288,1642145731,8UOpkii,要么交骰子 要么 拆分吧 做成dlc之类,,,,
47011322,1642145772,YVKbziT,"<font color=""#789922"">&gt;&gt;No.47011253</font><br />
有理，长远发展来看，这样以后基本都不会受限(*ﾟ∇ﾟ)bb",,,,
47011439,1642145949,baReEnc,暗度太高为啥会被查封或罚款？( ﾟ∀。)又不是血腥暴力,,,,
47011470,1642146009,YVKbziT,"<font color=""#789922"">&gt;&gt;No.47011439</font><br />
大概是不够正能量( ﾟ∀。)",,,,
47011472,1642146013,kCwcuVU,"<font color=""#789922"">&gt;&gt;No.47011322</font><br />
建议直接灌到0",,,,
47011489,1642146047,kCwcuVU,但是，估计接下来还得来个“国内对色度的容忍值”,,,,
47011527,1642146122,JfmhUUe,只有7，不够色啦放心好了（大概）,,,,
47011716,1642146493,drzUl52,这边还是灌吧，毕竟是要黑一个系列了( ﾟ∀。),,,,
47011788,1642146644,OBrw7Cn,"※灌tm的！<br />
灌铅骰子-1<br />
<br />
目前国内对游戏的要求非常宽松！玩家们感叹，这将会是一个游戏的“黄金年代”。",,,,
47011819,1642146702,OBrw7Cn,"目前制作进度：（色度适宜区间为6-8，暗度适宜区间≤9）<br />
①立绘卡面：5/10，平均色度7<br />
②音乐配音：3/10，平均色度8<br />
③剧情设定：15/20，平均暗度9",,,,
47011908,1642146886,oUKCW3l,桀桀桀桀桀  给我刀 狠狠的刀,,,,
47011994,1642147057,OBrw7Cn,"※春季游戏收益11资金，游戏制作支出3资金，总收入8<br />
<br />
第三年，夏季<br />
华莱士记者公司<br />
规模：3<br />
名声：1<br />
拥趸：1<br />
资金：35<br />
年末消耗：3+11<br />
停运项目：<br />
1.页游《A岛匿名版》<br />
运营项目：<br />
1.页游《陷落纽约》（人气剩余3季：+6*2资金，-1资金）<br />
<br />
本季你决定<br />
1.继续制作新游<br />
2.制作新游宣传pv<br />
3.摸鱼<br />
4.帮袁腾冲人征婚",,,,
47012065,1642147202,oUKCW3l,1,,,,
47012067,1642147207,L1WlCzS,12，走,,,,
47012103,1642147274,oUKCW3l,征什么婚 到时候还要给他放假 用美色给他套牢了,,,,
47012161,1642147399,YVKbziT,2先pv吧,,,,
47012173,1642147420,YVKbziT,"<font color=""#789922"">&gt;&gt;No.47012161</font><br />
如果能同时1的话也行，不过可能太肝了( ﾟ∀。)",,,,
47012218,1642147496,HB2giQM,21,,,,
47012356,1642147779,OBrw7Cn,( ᑭ`д´)ᓀ))д´)ᑫ给我选一个！,,,,
47012393,1642147847,HB2giQM,2( ﾟ∀。),,,,
47012415,1642147881,J0GOAf0,2,,,,
47012465,1642147992,YVKbziT,搞2然后搞个什么新游预约啥的，大概这种套路来点( ﾟ∀。),,,,
47012515,1642148080,8UOpkii,2 画饼,,,,
47012696,1642148400,3BHSAL0,"<font color=""#789922"">&gt;&gt;No.47012465</font><br />
2",,,,
47013450,1642149946,oUKCW3l,哈哈哈哈 刚刚才想到 机娘求救祈祷 自身力量来自邪神 等于向邪神祈祷 于是邪神放主角做代言人 代言人收到祈祷回应 太合理了 主角不是自带机娘(眷族)吸引而且还能听到她们的心声(祈祷),,,,
47013516,1642150094,8UOpkii,"<font color=""#789922"">&gt;&gt;No.47013450</font><br />
闭环完成了",,,,
47014054,1642151158,kCwcuVU,2,,,,
47014323,1642151647,6CaQyNa,222！用色色的pv吸引阿宅入游然后搞光他们的san值和钱包ᕕ( ᐛ )ᕗ,,,,
47014456,1642151839,oUKCW3l,"怎么一看 太绝望了 力量来自邪神 救世之人也是邪神 人类的努力毫无意义 机娘的牺牲也毫无意义 一切都是邪神自导自演的布偶戏 人类只能绝望起舞 在给予希望（主角）之后 再给予更大的绝望（了解真相） 大概知道的机娘全都会直接san值掉光被腐蚀殆尽 <br />
结局一应该差不多就是这条线 在最后面对邪神 知晓真相 主角方所有机娘全部被腐蚀 然后邪神回溯时间 回到最后一关之前  在凑齐要素后再次进去会有新的选项 进去下一章",,,,
47014489,1642151897,OBrw7Cn,"你要画个大饼！<br />
<br />
“咱们虽然游戏一半都没做完，但宣发这块一定不能落下！”<br />
<br />
“呜呜呜——”袁腾冲人预感到了自己的命运，已经提前哭起来了。<br />
<br />
那么要怎么宣发？<br />
1.自制pv，冲人，给我冲！<br />
2.还需要水军开路（资金-1，人气判定骰+1）<br />
3.外包给专业团队一条龙服务（资金-3，人气判定骰+3）",,,,
47014530,1642151988,OBrw7Cn,"<font color=""#789922"">&gt;&gt;No.47014456</font><br />
(`ヮ´ )b屑剧情",,,,
47014566,1642152067,PNFioJe,3,,,,
47014616,1642152150,kCwcuVU,"不如设定下初始机娘<br />
名字就叫“凛冬”（或者凛）<br />
白长直，橙瞳<br />
卡面美观与色度都适中，主要是迎合大多数人，让谁也挑不出什么缺点<br />
性格温和坚强纯洁，在困境中也不会放弃，会向心中的“神明”祈祷，希望大家都能平安的生活下去<br />
内测阶段T0（为了给玩家一个入坑机会），即使抽不到高稀有度角色也能凭“凛冬”和低稀有度机娘搭配度过前两章的（最低）难度。拥有出色的白值，一技能强控一名敌人，二技能提高自身防御力，三技能凛冬祈祷使全场本队机娘性能上升一个阶段。大招概率冰封敌方全体一回合( ﾟ∀ﾟ)",,,,
47014645,1642152207,kCwcuVU,1,,,,
47014652,1642152215,kAZiwlN,"<font color=""#789922"">&gt;&gt;No.47014566</font><br />
资金充足，必3",,,,
47014658,1642152227,YVKbziT,3外包吧，钱够了，宣传至少有一点效果吧。冲人这再肝要成仙了･ﾟ( ﾉヮ´ )，让她抓紧时间继续搞立绘吧,,,,
47014704,1642152296,kCwcuVU,"<font color=""#789922"">&gt;&gt;No.47014658</font><br />
袁腾仙人",,,,
47014851,1642152547,OBrw7Cn,"<font color=""#789922"">&gt;&gt;No.47014616</font><br />
|∀ﾟbbb很强，谢谢<br />
<br />
准备吃饭，摸了",,,,
47014885,1642152612,YVKbziT,"<font color=""#789922"">&gt;&gt;No.47014704</font><br />
快进到下一个游戏克苏鲁修仙是吧･ﾟ( ﾉヮ´ )",,,,
47014928,1642152703,baReEnc,"<font color=""#789922"">&gt;&gt;No.47014885</font><br />
也 不 是 不 行",,,,
47014955,1642152762,oUKCW3l,下一个做孙渣画的那个寄生虫修仙(`ᝫ´ ),,,,
47014976,1642152794,xQDEBW5,"3<br />
一条龙服务，必须给玩家送走喽(`ヮ´ )",,,,
47014978,1642152798,kCwcuVU,"<font color=""#789922"">&gt;&gt;No.47014885</font><br />
这个公司成洛老粉丝群了吧( ´∀`)",,,,
47015006,1642152836,xQDEBW5,"<font color=""#789922"">&gt;&gt;No.47014616</font><br />
废萌游戏专属女主是吧<br />
我喜欢，来个(`ᝫ´ )",,,,
47015033,1642152886,kCwcuVU,"<font color=""#789922"">&gt;&gt;No.47014955</font><br />
也不是不行，有没有兴趣做个大型联机类求生游戏呢？",,,,
47015084,1642152981,kCwcuVU,"<font color=""#789922"">&gt;&gt;No.47015033</font><br />
就是那种开放世界，加篝火营地加探索加文明复兴类的。需要玩家们合力才能生存下去，如果中途遇到强大的克系生物随机，也会造成全员阵亡，主城毁灭的情况，怎么样？ ﾟ∀ﾟ)σ",,,,
47015441,1642153620,YVKbziT,"<font color=""#789922"">&gt;&gt;No.47015084</font><br />
(`ヮ´ )bbb",,,,
47015623,1642153942,xQDEBW5,"<font color=""#789922"">&gt;&gt;No.47015084</font><br />
干脆就去掉邪神吧<br />
这类游戏有邪神就像是喂屎，玩家即便建立起文明，也会被随手打碎",,,,
47015637,1642153965,oUKCW3l,艹 婷婷 现在公司才三个人呢,,,,
47015769,1642154178,r8CxBze,"<font color=""#789922"">&gt;&gt;No.47014456</font><br />
什么鸣泣之时系列( ´_ゝ`)",,,,
47015781,1642154202,IhyjbY0,"<font color=""#789922"">&gt;&gt;No.47015623</font><br />
这倒是，真这样就没游戏性了 ，但是可能可以换个能抵抗的怪物或者灾害，搞成像饥荒那样的(`ε´ )",,,,
47016183,1642154927,kCwcuVU,"<font color=""#789922"">&gt;&gt;No.47015781</font><br />
主要是探索未知和求生。新入坑的玩家可能很走运的找到了大多数玩家的聚集地，也可能在某片平静的湖泊……正准备取水喝时，感到头上湿漉漉的，抬头正有一条皮肤光滑如蛇的巨龙望向你，流下涎水",,,,
47016487,1642155371,kCwcuVU,"<font color=""#789922"">&gt;&gt;No.47016183</font><br />
再来点高自由度与探索元素，比如血源诅咒中的远古遗迹……一些物品的介绍中暗示的神秘的世界观。<br />
一个服就是一个世界，玩家在这个世界的一切行动都会被保留，甚至成为推动这个世界历史发展的重要存在",,,,
47016678,1642155692,ma3vUqu,"<font color=""#789922"">&gt;&gt;No.47016487</font><br />
好(`ゥ´ )用这种方式让大家觉得自己是很重要的人，和游戏建立羁绊后就变成咱们的专属韭菜啦！",,,,
47017096,1642156292,xQDEBW5,"<font color=""#789922"">&gt;&gt;No.47016678</font><br />
还记得魔兽世界吗<br />
我们可以划分下阵营，然后让玩家影响世界进程",,,,
47017102,1642156310,xQDEBW5,不过这样，服务器会很难受,,,,
47017238,1642156551,kCwcuVU,"<font color=""#789922"">&gt;&gt;No.47017096</font><br />
不，我的设想是，连阵营也由玩家自己创建，确实有NPC阵营，但基本都不是人类……",,,,
47017288,1642156620,kCwcuVU,比如在游戏初期，一个生存者营地袭击另一个生存者营地掠夺资源是可以的,,,,
47017317,1642156651,6CaQyNa,(;´ヮ`)7真的要三个员工抗下所有吗,,,,
47017346,1642156699,kCwcuVU,等手游活了，我们就躺着赚钱,,,,
47017361,1642156716,kCwcuVU,参考FGO,,,,
47017580,1642157138,ma3vUqu,桀桀桀，这样让玩家之间互相掠夺，大家的注意力就不会放到我们策划的缺点上了(`ゥ´ ),,,,
47017735,1642157401,FkxE0V7,国科大国科大！ 做游戏实在是太爽辣！,,,,
47018432,1642158448,ma3vUqu,这就是狗策划的快感吗？爽了,,,,
47018519,1642158596,Aq4IUYe,( ﾟ∀。)看开头我以为走向会是不忘初心做好游戏，没想到狗策划云集( ᑭ`д´)ᓀ))д´)ᑫ,,,,
47018601,1642158730,kCwcuVU,"<font color=""#789922"">&gt;&gt;No.46646318</font><br />
觉得哪天啊，应该迫害下泽野",,,,
47018616,1642158756,xQDEBW5,"<font color=""#789922"">&gt;&gt;No.47017238</font><br />
那就有些迫害玩家了<br />
大佬玩家不干人事不是一天两天，不整点限制因素，你这游戏再好玩也没用",,,,
47018648,1642158799,kCwcuVU,"<font color=""#789922"">&gt;&gt;No.47018601</font><br />
给咱的游戏写出超越欢乐颂的配乐",,,,
47018679,1642158848,ma3vUqu,"<font color=""#789922"">&gt;&gt;No.47018616</font><br />
那就增加混乱值系统，某个集群的混乱值越高就越可能被高强度高难怪物袭击",,,,
47019663,1642160348,kCwcuVU,这个手游该叫什么名字呢？(ゝ∀･),,,,
47021103,1642162396,xQDEBW5,"<font color=""#789922"">&gt;&gt;No.47019663</font><br />
游戏名就叫双向并轨吧<br />
<br />
双向，即人类与邪神，也可以指代其他种类。人类永远无法见到邪神，而邪神也永远不会在意人类，就像是两条不同线路，仅仅在那一刹那有过交集（指主角）。<br />
<br />
<br />
并轨，则是因为无论剧情多么热血激昂，机娘与人类多么英勇无畏，这个世界都改变不了被邪神吞噬的命运<br />
当然，也能理解成机娘和怪物本质是一个生物，会随着命运列车不断开进而融为一体<br />
<br />
<br />
玩家从最开始认为机娘和人类是双向，前线与后方联合起来是并轨<br />
到中期认为先驱者和机娘是双向，并轨是两条战线一起驱逐邪神<br />
再到后期直接破防，多好<br />
<br />
对于玩家投诉结局黑暗也能有备案<br />
<br />
问：你们怎么不干人事啊！老婆们都死了(;´Д`)<br />
答：游戏名就剧透过啊ᕕ( ᐛ )ᕗ",,,,
47021120,1642162421,xQDEBW5,"<font color=""#789922"">&gt;&gt;No.47018679</font><br />
牛蛙！(`ヮ´ )",,,,
47021162,1642162480,3BHSAL0,"<font color=""#789922"">&gt;&gt;No.47021103</font>",,,,
47021515,1642163015,L1WlCzS,"<font color=""#789922"">&gt;&gt;No.47021103</font><br />
･ﾟ( ﾉヮ´ )",,,,
47021608,1642163157,kCwcuVU,"<font color=""#789922"">&gt;&gt;No.47021103</font><br />
呃，感觉可以当个副标题，比如XXX·双向并轨，这样还能留下第二部创作的空间",,,,
47021664,1642163247,vu3HXQA,"<font color=""#789922"">&gt;&gt;No.47021608</font><br />
新世界（坏）·双向并轨ᕕ( ᐛ )ᕗ",,,,
47021791,1642163450,kCwcuVU,"<font color=""#789922"">&gt;&gt;No.47021664</font><br />
机娘project",,,,
47021816,1642163487,kCwcuVU,"<font color=""#789922"">&gt;&gt;No.47021791</font><br />
如果要支持二创的话，就不可避免类似东方吧 ﾟ∀ﾟ)σ",,,,
47021951,1642163698,6CaQyNa,(;´ヮ`)7靠，越来越想玩了,,,,
47021975,1642163744,xQDEBW5,"<font color=""#789922"">&gt;&gt;No.47021608</font><br />
还想接着开第二部刀玩家<br />
不愧是你啊苟策划",,,,
47022045,1642163838,6cdBSyK,popo呢？gkd！,,,,
47022194,1642164058,kCwcuVU,"我还想让老干妈创作一首这个手游的主题曲，但事先不告诉她，就仅仅命令她演奏一曲在村里时最悲伤最可怕的阴乐，再去市里精神病院采取精神病人的笑声间接引入在音乐里，找几个6岁以下的小女孩教她们用三全音（中世纪时被禁止的音乐，因为这种音乐被联想到撒旦）唱圣诗，把这些组合在一起。创作一首<br />
The Hopeless World",,,,
47022333,1642164255,YSYP23i,"<font color=""#789922"">&gt;&gt;No.47022194</font><br />
小心玩家被吓死啊(・∀・)",,,,
47022546,1642164529,vu3HXQA,"<font color=""#789922"">&gt;&gt;No.47022194</font><br />
再加入一些倒放的低语声，当玩家拆包把音频拉出来后能在频谱上看到一个邪神的脸",,,,
47022613,1642164621,OBrw7Cn,"( ﾟ∀。)？我恰个饭的时间，你们不但想好了下一部游戏的策划，还整了些阴间活？<br />
<br />
( ﾟ∀。)bb不愧是你们",,,,
47022686,1642164736,xQDEBW5,"这团的肥哥太几把瘆人了<br />
…<br />
…<br />
…<br />
…<br />
…<br />
…<br />
…<br />
…<br />
…<br />
等等？不会真有邪神混进来了吧(|||ﾟдﾟ)",,,,
47022723,1642164807,J0GOAf0,肥哥们太有才了( ﾟ∀。)bbbbb,,,,
47022921,1642165078,kCwcuVU,"可以这样，先来一个废萌的假主题骗玩家入坑，内测只开前两章剧情，都是普普通通的打怪治愈废萌日常……直到第三章，玩家需要带领机娘去剿灭一个名为笑面人的雇佣组织，因为他们被信仰邪神的反派雇佣对付主角方，他们这些疯子将自己改造成了半机械人，连大脑都部分改造，所以玩家需要获取他们脑袋中的记忆条以获得反派的情报。在这里玩法直接硬核，论实力玩家方应该是强于笑面人雇佣军的，但在这章一开始，AI的强度就上升一个档次，敌人会用战术诱骗玩家，当一旦处于劣势，骑着机动摩托的笑面人们就会高速靠近玩家的机娘，然后以合适的距离自爆。<br />
在这种神风打法下，玩家的战斗会变得极为困难，其实也不是困难毕竟有实力差只是需要认真动脑筋，甚至牺牲一些机娘才能打过。但是本关的一项任务就是，收集笑面人的记忆条，如果都自爆了自然不能收集到。所以，需要玩家慎重的调整机娘的位置和行动以及发动技能的时机，才能在敌人自爆前打败他们，得到全S评价。",,,,
47022942,1642165110,OBrw7Cn,"先来说说pv吧。<br />
<br />
你决定将宣发的视频制作、宣传、流量造势等等都一条龙外包给专业公司。（资金-3）<br />
<br />
但素材和主题总归只能由你们负责。<br />
<br />
你要求制作一个什么样的pv？<br />
1.实机画面……你有个屁的实机(σﾟдﾟ)σ<br />
2.动画模拟的实机画面<br />
3.动态立绘展示<br />
4.意义不明的意识流<br />
5.包装成一部mv",,,,
47022966,1642165143,kCwcuVU,5,,,,
47022997,1642165179,xQDEBW5,"<font color=""#789922"">&gt;&gt;No.47022921</font><br />
虽然很有趣，<br />
但这玩法根本不是人玩的，东方玩家都有点吃不消( ﾟ∀。)",,,,
47023029,1642165223,kCwcuVU,"<font color=""#789922"">&gt;&gt;No.47022997</font><br />
为了展示世界观",,,,
47023048,1642165254,vu3HXQA,3,,,,
47023096,1642165316,kCwcuVU,"<font color=""#789922"">&gt;&gt;No.47022997</font><br />
其实也能过，只是得不到全S级评价",,,,
47023169,1642165442,HB2giQM,3,,,,
47023213,1642165515,xQDEBW5,"5变成动画op<br />
以凛冬机娘的眼睛为序幕，然后穿插着其他机娘与npc，快速闪过温馨日常和家园建设，在画面的某些细节里添加掉san值的内容（比如一只长满触手与眼睛的不定态猫）<br />
接着添加一些剧情cg和战斗画面，BGM逐渐激昂<br />
故事的最后，一缕曙光在地平线上缓缓升起，然后黑屏两秒ᕕ( ᐛ )ᕗ",,,,
47023229,1642165542,kCwcuVU,MV就整点良好的人物立绘，和废萌日常。通过镜头的剪辑给玩家一个印象——有点色色的机娘打克系触手怪的游戏，废萌治愈剧情，与邪神娘谈恋爱?之类,,,,
47023238,1642165555,kAZiwlN,"<font color=""#789922"">&gt;&gt;No.47022966</font><br />
感觉mv可以有，正好展示一下咱们的唢呐",,,,
47023250,1642165571,xQDEBW5,"<font color=""#789922"">&gt;&gt;No.47023213</font><br />
黑屏两秒的画面，可以在玩家挖出世界观后再次添加<br />
添加什么？越黑暗越好啊(`ᝫ´ )",,,,
47023254,1642165583,kCwcuVU,"<font color=""#789922"">&gt;&gt;No.47023213</font><br />
对，就是这样大概，最后黑屏后出现logo",,,,
47023300,1642165666,xQDEBW5,"<font color=""#789922"">&gt;&gt;No.47023096</font><br />
对于零氪玩家来讲，全S评价就是命<br />
—钻石唯一途径･ﾟ( ﾉヮ´ )",,,,
47023328,1642165716,kCwcuVU,"<font color=""#789922"">&gt;&gt;No.47023300</font><br />
那就靠肝或者策略，聪明人用低稀有度也能过。或者抄作业",,,,
47023392,1642165846,xQDEBW5,"<font color=""#789922"">&gt;&gt;No.47023328</font><br />
在ai智商比较低或固定出敌的情况，萌新确实抄作业<br />
等等…那就意味着，我们可以在困难之类的模式下不固定出怪，来一次初见杀σ`∀´)",,,,
47023402,1642165869,kCwcuVU,"<font color=""#789922"">&gt;&gt;No.47023392</font><br />
对，给他们个下马威",,,,
47023422,1642165903,xQDEBW5,"<font color=""#789922"">&gt;&gt;No.47023392</font><br />
S级评价关我挑战难度什么事(`ヮ´ )",,,,
47023447,1642165935,xQDEBW5,"<font color=""#789922"">&gt;&gt;No.47023402</font><br />
绝了，你不去坑钱真是可惜",,,,
47023457,1642165947,kCwcuVU,"<font color=""#789922"">&gt;&gt;No.47023392</font><br />
建议出几个难道分别为幻相、真实、炼狱、邪神",,,,
47023506,1642166038,kCwcuVU,初始关卡都是幻相，这点在游戏里会暗示成“天堂一般的理想状态模拟战”。其实设定中真实难道才是主角们经历的情况,,,,
47023529,1642166074,kCwcuVU,难度，可恶这个输入法,,,,
47023589,1642166175,kCwcuVU,幻相难度3章就给玩家们一个下马威,,,,
47023629,1642166249,OBrw7Cn,"( ﾟ∀。)你们不当策划真是屈才了<br />
<br />
还有无投票？九点半拉闸",,,,
47023754,1642166446,YSYP23i,5,,,,
47023786,1642166501,V2OwEL1,"<font color=""#789922"">&gt;&gt;No.47023213</font><br />
fy，还可以在pv里加一些像特定频率的闪烁/调低亮度才能看到的暗文用来埋伏笔",,,,
47023848,1642166607,kAZiwlN,"<font color=""#789922"">&gt;&gt;No.47023786</font><br />
fy",,,,
47023932,1642166713,6CaQyNa,555老干妈谱曲快快滴,,,,
47024199,1642167078,V2OwEL1,"还可以在选关界面/关卡地图/关卡简介里整点伏笔隐喻<br />
例如新手关的地图旁边放个op里出现过的被机娘抱在怀里的小熊（但是是脏污一片的）",,,,
47024262,1642167176,kCwcuVU,"关于3章反派BOSS，设定是一个隐藏在笑面人面具下发出充满魅力帅大叔嗓音的疯子，被称为“笑面小丑”，是这个雇佣兵集团的领导者。但当玩家历经千辛万苦俘获他之后扯下他的面具其中却是一张少女的脸，脸上还带着一道疤，从嘴角咧开的疤，像一个巨大的微笑……不知道为什么一名花季少女要做这种事情!?<br />
她一直在使用变声器，身体已经被改造成了95％的机械化，据她自称这是自愿的，人类的肉体只会阻碍她的自由自在。当主角方要取下被束缚着的她的记忆条时，笑面小丑会突然解除控制，用手中的刀向主角袭击，即使被机娘们警告她依然在杀戮着，同时喜悦地放声大笑，最后胳膊被一名机娘为了保护主角在警告无效下发出的激光砍断，即使这样那僵硬的断肢的手依然在仅仅握着刀，甚至笑面小丑依然在笑，用仅存的另一只手握住断肢延长距离，那刀尖正好碰到主角的脸。然后笑面小丑疯狂地笑了，说了最后一句话<br />
【why so serious】<br />
然后启动自爆按键，一名机娘紧急的撞开她，爆炸才没有使主角受伤，而那名机娘被炸飞了半个身躯",,,,
47024455,1642167460,OBrw7Cn,"你要整成一部动画mv！让这宣发的pv除了宣传价值，还充满艺术价值！<br />
<br />
老干妈，立绘已经准备好了。<br />
<br />
“行咧大闺女，你这次要整啥的？”老干妈举着唢呐，慈爱地问。<br />
<br />
1.萌萌甜甜又带点色色的<br />
2.要接地府的黑暗风！<br />
3.单走一个百鸟朝凤",,,,
47024487,1642167508,kCwcuVU,"<font color=""#789922"">&gt;&gt;No.47024455</font><br />
不不",,,,
47024489,1642167509,xQDEBW5,1别忘了，我们要坑人啊！,,,,
47024501,1642167523,kCwcuVU,1,,,,
47024504,1642167524,kAZiwlN,再想要不要pv欺诈( ・_ゝ・),,,,
47024525,1642167549,OBrw7Cn,"<font color=""#789922"">&gt;&gt;No.47024262</font><br />
( ﾟ∀。)b<br />
<br />
<font color=""#789922"">&gt;&gt;No.47023786</font><br />
( ﾟ∀。)meta游戏是吧",,,,
47024547,1642167589,xQDEBW5,"<font color=""#789922"">&gt;&gt;No.47024525</font><br />
元游戏永不过时",,,,
47024619,1642167690,kCwcuVU,"<font color=""#789922"">&gt;&gt;No.47024262</font><br />
落了一个，把断肢上和刀上的血（机油?）用力的挤在主角的脸上，接下来接一句<br />
why so serious<br />
(*ﾟ∀ﾟ*)",,,,
47024644,1642167734,V2OwEL1,"<font color=""#789922"">&gt;&gt;No.47024262</font><br />
然后搞个主角视角，先看到机娘悲伤的微笑，然后火光冲天，（频幕震动＋雪花点）主角回忆起了那个曾经熟悉的人——他最俿",,,,
47024714,1642167840,kCwcuVU,"<font color=""#789922"">&gt;&gt;No.47024644</font><br />
啊因为是要在这章结束后进入卡池限时up的角色，所以是女性",,,,
47024750,1642167882,babobex,你们他妈的都快把一个游戏的设定都云策划完了( ﾟ∀。),,,,
47024779,1642167932,xQDEBW5,"<font color=""#789922"">&gt;&gt;No.47024750</font><br />
po更得慢，pl想得多<br />
隔壁国战团的pl更恐怖(`ᝫ´ )",,,,
47024834,1642168017,kCwcuVU,"<font color=""#789922"">&gt;&gt;No.47024714</font><br />
被抽出来的语音<br />
“真是小觑你们XXX的技术力了啊，居然能”#一段嘿嘿嘿快忍不住的笑声“在那种程度的爆炸下从残余机体中提取到我的人格和记忆并加以复制吗？不过算了，只要不阻碍老娘的自由，忍受你当master并稍稍为你们出点力也是可以的哦?”",,,,
47024898,1642168103,kCwcuVU,"<font color=""#789922"">&gt;&gt;No.47024834</font><br />
抽卡语音（设定太阴间惹）",,,,
47024941,1642168157,4s0OCw7,"<font color=""#789922"">&gt;&gt;No.47024455</font><br />
333，或者一开始非常悲伤，冰冷，但随着剧情越来越黑暗bgm也越来越欢快轻松萌ᕕ( ᐛ )ᕗ",,,,
47024976,1642168222,ylGIRdz,2,,,,
47025026,1642168293,YVKbziT,"<font color=""#789922"">&gt;&gt;No.47024941</font><br />
正好跟真正剧情反过来 ﾟ∀ﾟ)σ",,,,
47025059,1642168358,V2OwEL1,"<font color=""#789922"">&gt;&gt;No.47024644</font><br />
草误发了，接上文，他最信任的那个表面一脸冷淡，实则比谁都温柔的，为了营救主角在爆炸中失踪的师姐<br />
“在灿烂的光芒中 ，我们两次失去了她”<br />
 “喂（  ），不要总是待在黑漆漆的地方，出来玩嘛！”<br />
“你看，光明多好啊”<br />
几滴水虫 ",,,,
47025156,1642168515,kCwcuVU,"<font color=""#789922"">&gt;&gt;No.47025059</font><br />
设定机娘被炸飞半个身躯主角还能修，（只是随着剧情发展会明白主角作为邪神的使徒只是把新的灵魂和零件替换在了原本的躯体上）",,,,
47025266,1642168678,V2OwEL1,"<font color=""#789922"">&gt;&gt;No.47025059</font><br />
麻了，再来<br />
几滳水击打在地上，留下淡淡水渍<br />
当然，短短的时间，水渍就不复存在了<br />
“ 在这个只有黑暗与红的世界中，软弱的感情又能存在多久呢？”",,,,
47025368,1642168822,V2OwEL1,发的太㪚了我紫菜･ﾟ( ﾉд`ﾟ),,,,
47025463,1642168945,xQDEBW5,"<font color=""#789922"">&gt;&gt;No.47025368</font><br />
挺好的啊，我就不会编具体",,,,
47025562,1642169086,kCwcuVU,"被主角“修好”的师姐作为机娘加入了组织，只是醒来的她不记得主角也没有任何自己的情感，组织里的带着棕色红沿魔法帽的神秘机娘“命”缓缓说，除了构成人体与机娘的细胞或零件外，能定义“生命”的还有一项重要的事物——灵魂。而失去灵魂者将丧失一切。<br />
为了令师姐的灵魂恢复，主角团们前往传说中能招回亡者灵魂的温泉——就此开启第四章，因为第三章给玩家一个下马威，那玩家肯定就有对黑深残剧情的不满，这个第四章要稍稍补偿下玩家的心理，方便日后再给他们一刀。把这一章做成泳装机娘福利回，再来点温馨剧情",,,,
47025881,1642169507,bHF53f4,"废萌游戏（✖️）<br />
黑深残游戏（✔️ ）<br />
<br />
经营团（✖️）<br />
pL编故事团（✔️）( ﾟ∀。)<br />
 ",,,,
47025991,1642169666,djBCoos,"<font color=""#789922"">&gt;&gt;No.47021951</font>",,,,
47025995,1642169671,odmbCBl,"<font color=""#789922"">&gt;&gt;No.47025991</font>",,,,
47025996,1642169672,kCwcuVU,"<font color=""#789922"">&gt;&gt;No.47025881</font><br />
咳咳是的po怎么还不回来啊( TдT)",,,,
47026167,1642169904,kCwcuVU,"po主不在，自娱自乐(=ﾟωﾟ)=<br />
（只是个小游戏，不加入跑团剧情，如果po主觉得不好自删）<br />
下一个评论的人会抽到<br />
1凛冬<br />
2笑面小丑<br />
3师姐（太刀御姐）<br />
4命（神秘魔法娘）<br />
5——0低稀有度的那位（自爆）机娘",,,,
47026266,1642170048,bHF53f4,r,,,,
47026305,1642170096,xQDEBW5,r,,,,
47026328,1642170122,Wlg4Sqk,r,,,,
47026339,1642170138,Wlg4Sqk,一锅端了( ﾟ∀。),,,,
47026499,1642170349,RUhTxiF,(　д ) ﾟ ﾟ岛除我策,,,,
47026838,1642170826,kCwcuVU,搞得我都想抽卡池了,,,,
47027052,1642171123,s9NYlow,r,,,,
47027115,1642171197,xQDEBW5,性感邪神，在线杀老婆,,,,
47027516,1642171700,PsiQAlN,gkdgkd,,,,
47027688,1642171934,ng0M7rC,"( `д´)r<br />
来！",,,,
47027700,1642171955,ng0M7rC,( ´_ゝ`)旦,,,,
47027934,1642172252,V2OwEL1,"刚弄完，一身清爽回来了(*´∀`)<br />
有了点其他想法，但我打字有点慢，肥哥们能等我一下吗 ",,,,
47027958,1642172278,xQDEBW5,"<font color=""#789922"">&gt;&gt;No.47027934</font><br />
善",,,,
47027994,1642172329,V2OwEL1," <font color=""#789922"">&gt;&gt;No.47027958</font><br />
谢啦",,,,
47028360,1642172791,V2OwEL1,"首先，我们不能只看剧情，要把公司最好优势发挥出来，多挣点钱。然后，目前咱们公司最好的人才主要就是画画和音乐这挂的。要怎样把游戏往这边发展，就是我们目前要做的事。<br />
我总结了一下，目前最好就是把剧情分成主线和活动两种模式：主线明刀，活动表面轻松愉快，实则埋线索暗刀。但我们都知道，如果一个游戏更活动太多，不推主线的话很容易被炎上。因此要让玩家主动接受我们“推主线慢”这一事实，甚至赞同这一事实<br />
  ",,,,
47028585,1642173090,MBhUq42,"<font color=""#789922"">&gt;&gt;No.47005131</font><br />
( ´ρ`)",,,,
47028670,1642173193,xQDEBW5,"<font color=""#789922"">&gt;&gt;No.47028360</font><br />
那就多刀几下，刀到玩家不敢推主线(`ᝫ´ )",,,,
47028719,1642173263,V2OwEL1,"<font color=""#789922"">&gt;&gt;No.47022921</font><br />
具体的做法咱们可以参考这位肥哥的想法，首先两章轻松愉悦让玩家认为我们这个游戏跟一般的游戏一样，只是套了层克系皮，本质还是美少女媚宅游戏<br />
等到大多数玩家都接受这一“现实”的时候，我们再大张旗鼓地进行一次大版本更新，同时放出第三章PV（最好不要剧透太多，可以先放和飞车反派激烈对战的场面，接抓到BOSS，在揭下的面具的前一刻插主角和师姐之前的美好回忆，再接爆炸场面）给玩家“大的要来了”这种感觉，然后再主线狠狠的刀一把",,,,
47029100,1642173715,vu3HXQA,还可以弄一个羁绊值系统，角色每战死/修复一次都会下降，表面是对你令她战死/受损不满，实际是因为里面的灵魂已经不同了,,,,
47029122,1642173742,V2OwEL1,"<font color=""#789922"">&gt;&gt;No.47028670</font><br />
<font color=""#789922"">&gt;&gt;No.47028719</font><br />
最终给玩家一种感觉：“一开主线就刀我老婆( ;´д`)” <br />
懂了，只要活动够多，我就能跟老婆永远在一起 ( ﾟ∀。)<br />
活动了多整点泳装啊贴贴啊，多来点美美皮肤赚钱<br />
（我们这可是媚宅游戏 ！(￣∇￣)【理直气壮】）<br />
然后活动剧情越甜，就衬的主线剧情越刀，老婆越可爱就越不想失去她，这样子我们就可以光明正大鸽主线，还能拉长咱们游戏的寿命，多捞点钱",,,,
47029182,1642173824,V2OwEL1,计划通(`ゥ´ ),,,,
47029231,1642173875,MBhUq42,pl不去做策划可惜了，深黑摩多摩多(`ᝫ´ ),,,,
47030567,1642175520,OBrw7Cn,"“整一个甜萌废宅的mv吸引玩家。”<br />
<br />
“那不是骗人吗？”<br />
<br />
“那能叫骗吗？我们的音乐和立绘哪一点不符合！？”<br />
<br />
你理直气壮地拍板了这个方案。老干妈也很快地谱好了原曲。考虑到曲风偏向民乐，最后宣传公司直包揽了国语的作词和试唱。你看了样片，最终效果也很二次元。<br />
<br />
当然，最后你不忘藏入些暗语和密文。<br />
<br />
一切都正在朝你预想的方向前进。<br />
<br />
1.发布吧<br />
2.不够二！我要请日本声优演唱！（资金-4，人气判定骰+3）",,,,
47030649,1642175641,vu3HXQA,国语歌词请什么日本声优，1！,,,,
47030702,1642175702,V2OwEL1,申请查询剩余资金，超过17就2，没有就1,,,,
47030751,1642175781,OBrw7Cn,※目前资金：32,,,,
47030890,1642175960,xQDEBW5,"2<br />
小日子过得不错的日本人也要坑",,,,
47030909,1642175993,V2OwEL1,2吧,,,,
47030915,1642176001,8UOpkii,2 刀子不分国界 众生平等,,,,
47030997,1642176090,iPbsjog,日配中配英配，我全都要,,,,
47031071,1642176163,V2OwEL1,"<font color=""#789922"">&gt;&gt;No.47030702</font><br />
整两版一起发布，想看哪个看哪个",,,,
47031177,1642176315,PNFioJe,2,,,,
47031369,1642176575,lWFN4QQ,2 天下大同 立本人的钱也要坑啦(`ᝫ´ ),,,,
47031418,1642176651,OBrw7Cn,"※资金-4，目前人气判定骰+6<br />
<br />
在斥资重金后，你请到了日本知名声优（1/4/7）为本mv日语版演唱。同时消息一经发布，关注声优的粉丝们立刻闻讯而动。<br />
<br />
“……为神秘手游mv演唱日文歌？诶哟我去。”<br />
<br />
“华莱士记者公司？没听说过啊。”<br />
<br />
浪头已起。你的乙方，那家宣传公司也随之下场，推波助澜。一场舆论造势正起于青萍之沫……<br />
※困觉",,,,
47031480,1642176733,V2OwEL1,坂本真玲,,,,
47031503,1642176761,bHF53f4,速水奖,,,,
47031515,1642176782,7jbvXox,荒木飞吕彦,,,,
47031551,1642176842,8UOpkii,水树奈奈,,,,
47031586,1642176893,J0GOAf0,"<font color=""#789922"">&gt;&gt;No.47031515</font><br />
( ﾟ∀。)？",,,,
47032307,1642177870,jj24CAr,来个西北老汉音乐家( ﾟ∀。),,,,
47032438,1642178097,PNFioJe,"<font color=""#789922"">&gt;&gt;No.47031515</font>",,,,
47033217,1642179414,2ykMbRu,r,,,,
47034218,1642181508,babobex,"<font color=""#789922"">&gt;&gt;No.47031551</font><br />
我艹，居然请得动水树奈奈･ﾟ( ﾉヮ´ )",,,,
47034916,1642183498,FLGgnjo,痛(｀･ω･),,,,
47037156,1642199692,V2OwEL1,"<font color=""#789922"">&gt;&gt;No.47029122</font><br />
䃼充：在游戏开幕动画写上：本游戏一切内容纯属虚构，若在现实中因模仿受伤，本游戏不负任何责任<br />
（防止有小学生模仿内容受伤后后被喷到停服）",,,,
47037982,1642206173,OBrw7Cn,试了试waifulab，这样的凛冬你们爱吗|∀ﾟ,2022-01-15/61e213dc84510,.png,,
47037988,1642206202,PsiQAlN,"<font color=""#789922"">&gt;&gt;No.47031551</font><br />
( ﾉヮ´ )bbb",,,,
47037999,1642206259,YVKbziT,"<font color=""#789922"">&gt;&gt;No.47037982</font><br />
(*ﾟ∇ﾟ)bbbbb可以开始骗氪了",,,,
47038175,1642206953,WotCGNb,( ﾟ∀。)快进到玩家痛骂苟侧滑,,,,
47038229,1642207128,6CaQyNa,r,,,,
47038320,1642207510,JfmhUUe,来点初始低星自爆人（？,2022-01-15/61e219149bafe,.png,,
47038497,1642208065,xQDEBW5,撒由那拉，xxx,2022-01-15/61e21b3f4a462,.jpg,,
47038524,1642208126,xQDEBW5,"下次游戏就做个正常一些的吧，简简单单娱乐向<br />
总坑玩家也不好|-` )",,,,
47038652,1642208517,OBrw7Cn,( ´ρ`)lplp，我的lp,2022-01-15/61e21d0366cee,.png,,
47038717,1642208698,OBrw7Cn,咳咳，我这是演示某位玩家的反应而已。好，说回正题。,,,,
47039000,1642209456,OBrw7Cn,"重磅消息，知名声优水树奈奈答应为某个名不经传的游戏公司演唱宣发mv！<br />
<br />
《震惊！曾经当红的奈奈竟沦落至此……》<br />
<br />
《国产手游频频配音日语，文化自信路在何方？》<br />
<br />
《日本网友痛哭：我们的声优都在中国游戏里》<br />
<br />
……<br />
<br />
Mv尚未发布，舆论就已经炒了起来。不管红流量黑流量，都浪涌而来，将你的公司推到了众人的视野当中。<br />
<br />
就是现在！发布！<br />
<br />
※R一个宣发的人气影响<br />
1-2 不如不发（初始人气值-2）<br />
3-4 谩骂多于期待（初始人气值-1）<br />
5-6 效果一般<br />
7-8 感觉还行（初始人气值+1）<br />
9-0 一把子期待了（初始人气值+2）<br />
※判定结果+6<br />
※二尾和",,,,
47039047,1642209616,JfmhUUe,r,,,,
47039051,1642209626,2aST7iI,r,,,,
47039124,1642209865,PsiQAlN,直接拉满,,,,
47039141,1642209903,OBrw7Cn,"网友留言：<br />
“我希望能看到这个游戏今年上线，希望制作方不要不识抬举。”<br />
<br />
“请问会有其他日本声优吗？”<br />
<br />
“请问贵公司的员工姿势水平是不是都很高？”<br />
<br />
“听到奈奈唱歌，我大头动了。看到立绘，我小头动了。”<br />
<br />
“预约通道在哪里？搞快点！”<br />
<br />
“卧槽你家官网也太寒酸了吧？”<br />
<br />
……<br />
<br />
看来反响很不错啊！（初始人气值+2）",,,,
47039148,1642209924,PsiQAlN,gkd(`ε´ ),,,,
47039152,1642209933,JfmhUUe,gkd,,,,
47039248,1642210160,OBrw7Cn,"宣发工作告一段落，接下来你要<br />
1.继续制作游戏<br />
2.摸了<br />
3.给袁腾冲人征婚<br />
4.摸了，顺便跟玩家玩玩meta/arg game",,,,
47039261,1642210186,PsiQAlN,1,,,,
47039315,1642210336,kCwcuVU,1,,,,
47039316,1642210337,V2OwEL1,1,,,,
47039402,1642210558,xQDEBW5,1,,,,
47039412,1642210585,L1WlCzS,1,,,,
47039414,1642210589,OBrw7Cn,"目前制作进度：（色度适宜区间为6-8，暗度适宜区间≤9）<br />
①立绘卡面：5/10，平均色度7<br />
②音乐配音：3/10，平均色度8<br />
③剧情设定：15/20，平均暗度9<br />
<br />
你要跟进哪项工作？<br />
1.冲人，给我继续冲色图啊不立绘！<br />
2.邀请声优配音<br />
3.继续写惨无人道的剧情和设定<br />
4.等等，我是说，游戏系统都完全还没开始做啊",,,,
47039451,1642210664,kCwcuVU,4,,,,
47039457,1642210682,xQDEBW5,"4<br />
剧情再写就显得老套了，半露半藏才是精髓，补全游戏",,,,
47039462,1642210690,PsiQAlN,4,,,,
47039499,1642210800,OBrw7Cn,"<font color=""#789922"">&gt;&gt;No.47039457</font><br />
 ﾟ∀ﾟ)σ完不成进度是无法发布的",,,,
47039540,1642210926,xQDEBW5,"<font color=""#789922"">&gt;&gt;No.47039499</font><br />
那就废萌到底<br />
主线剧情和活动留到中程再刀，给玩家一个面子σ`∀´)",,,,
47039586,1642211059,kCwcuVU,游戏氛围主线和活动。通过活动可能会送抽卡石（叫祈祷石）甚至高稀有度活动机娘。稀有度分为S，SS，SSS，SR，SSR，UR。稀有度不代表机娘实力（但其实还是有关系）。关卡难度可选，分为幻相、现实、炼狱、邪神,,,,
47039605,1642211112,OBrw7Cn,"对啊，我们的游戏系统是什么？<br />
<br />
“社长，你终于想起来了？”<br />
<br />
这款手游主打角色扮演+模拟经营+卡牌对战。那么首先需要要考虑的部分是……如何缝起来？<br />
<br />
1.主打角色扮演（偏向即时性；各种技能搭配、技能树建构、队伍建设）<br />
2.主打模拟经营（偏向放置性；养成和决策、投资与运营）<br />
3.主打卡牌对战（偏向回合性；牌库构建与收集、卡牌战术）",,,,
47039686,1642211347,xQDEBW5,2修理工才不是前线指挥官和牌佬,,,,
47039690,1642211358,ygjv6pE,看到这三个词我想到的是FGO( ﾟ∀。),,,,
47039692,1642211365,kCwcuVU,"<font color=""#789922"">&gt;&gt;No.47039605</font><br />
把1，3缝起来(*ﾟ∀ﾟ*)。加入“自律芯片”游戏模式，大多情况下都是1实时战略，由玩家控制机娘或宏观下达战术。但人类是有极限的，一般一个玩家只能同时控制一个角色，所以要为其他上场机娘安装“自律芯片”（其实就是AI）不同等级不同属性的自律芯片的模式不同。（AI的智能水平也不同）。战场每过一段时间便会时间静止一阵，这是需要玩家宏观下达进一步命令与调整战术，这个阶段更像3",,,,
47039695,1642211388,PsiQAlN,1,,,,
47039698,1642211390,6CaQyNa,2！养成才能让玩家和机娘建立深厚感情！,,,,
47039746,1642211501,YSYP23i,2灵魂潮汐yyds,,,,
47039747,1642211505,kAZiwlN,1，2同步进行，三可以作为附属功能——昆特牌或者云顶之弈那种,,,,
47039824,1642211702,kCwcuVU,战斗分为“实时”阶段与“宏观”阶段。每个单位之间都有克制关系这点更像卡牌对战游戏，玩家在这时要像指挥官一样安排机娘战术与入场。安排妥当后进入实时，玩家可以任意操控一名或几名机娘以合理的时间释放技能。当战斗持续几分钟或者遇到重大事件时再次进入宏观调控,,,,
47039858,1642211775,PsiQAlN,"<font color=""#789922"">&gt;&gt;No.47039692</font><br />
我fy这个吧，想了那么多黑深残的剧情结果又不上前线，这样怎么好刀玩家呢",,,,
47039874,1642211826,HB2giQM,"<font color=""#789922"">&gt;&gt;No.47039692</font>",,,,
47039906,1642211894,kCwcuVU,只有这样才能让玩家一边刀一边痛啊，打不过关卡又想知道接下来的剧情与拯救世界，给我们充钱，然后打赢了但被喂了刀子，想到自己充进去的是钱，只能继续含泪打下去,,,,
47039979,1642212030,yOXazku,"<font color=""#789922"">&gt;&gt;No.47039692</font><br />
1，3这个 ﾟ∀ﾟ)σ",,,,
47040069,1642212220,4s0OCw7,"<font color=""#789922"">&gt;&gt;No.47039858</font><br />
fyfy",,,,
47040214,1642212569,PsiQAlN,"<font color=""#789922"">&gt;&gt;No.47039692</font><br />
不过我觉得机娘本来就有自我意识，这样才能好和玩家培养长久感情，ai芯片还得改改说法，比如说是拆分出的战斗用ai芯片，其中存储了一定的知识辅助战斗。机娘本身依据背景会有初始的战斗能力，然后芯片就是增强战斗能力的",,,,
47040299,1642212772,yOXazku,"<font color=""#789922"">&gt;&gt;No.47040214</font><br />
确实，属于辅助战斗的芯片(*ﾟ∇ﾟ)",,,,
47040314,1642212794,yOXazku,"<font color=""#789922"">&gt;&gt;No.47040299</font><br />
这样才对",,,,
47040373,1642212938,xQDEBW5,"<font color=""#789922"">&gt;&gt;No.47040214</font><br />
灵魂转化的生物如果什么都不会就很有问题了",,,,
47040376,1642212945,kCwcuVU,"<font color=""#789922"">&gt;&gt;No.47040214</font><br />
✓，那就是由基地设计的辅助机娘战斗意识与能力，促进性能发挥的芯片。机娘真正的意识在每一个零件中，头脑中最多",,,,
47040417,1642213011,kCwcuVU,类似于FGO中的礼装吧，起辅助作用,,,,
47040466,1642213098,xQDEBW5,"<font color=""#789922"">&gt;&gt;No.47040417</font><br />
越来越黑了",,,,
47040712,1642213674,PsiQAlN,"<font color=""#789922"">&gt;&gt;No.47040376</font><br />
然后玩家操控就等于是玩家充当战斗辅助的芯片了，然后再来个战斗中机娘意识会与玩家交流并做出评价，比如说那种比较喜欢冲上去猛干的，此时玩家的操作又比较苟，就会受到机娘意识的嘲讽，那种比较沉稳的机娘又会劝说冒进的玩家谨慎行事，假如玩家的战斗风格与机娘相符就会增加好感度并得到来自机娘的赞美，就跟辐射系列的队友好感系统的那种感觉( ﾟ∀。)<br />
这样培养好感情，到时候刀起来，嘿嘿(〃∀〃)",,,,
47040770,1642213797,kCwcuVU,"同时游戏中加入机娘强化（本）（不是），等到级别到达一定程度时，开放机娘专属副本，分别为“人格结构”和“程式崩溃”。“人格结构”本的剧情会向玩家解析该机娘一些行为、性格的成因。或者简单媚宅机娘向玩家表白。比如那位低稀有自爆机娘的“人格结构”本就是她和主角来到废弃零件的储存仓库，这里被机娘们宣称闹鬼（其实这些废弃零件都是之前战斗过的机娘身上的，残留着精神和灵魂，说闹鬼也不为过），这里玩家将会遇到，无数报废的和身边那位机娘一样的存在。她们都是曾经的她，或者说遭到抛去的她。被master命令自爆，在意识奄奄尚存的情况下就被当做废物丢到不见天日的地下仓库，忍受着无尽的爆炸时的撕裂痛感，这些零件上残留的意识形成了一种特殊的磁场，进而“复活”了她们。玩家要在这个本中打100名低稀有度自爆机娘，以感受她们都痛苦与怨念。虽然每个只有20级，但一般的玩家即使都上60级的机娘也难以打过。<br />
当然，打赢是有奖励的，奖励是那名自爆机娘的自爆威力上升，而且获得10％贯穿",,,,
47041330,1642215018,kCwcuVU,当机娘的等级和污染值达到一定限度时，开启“程式崩溃”本，解锁该本需要玩家投入2到5枚该机娘的魂玉（什么，你问魂玉怎么获得?抽卡抽到同一机娘可以喂给自己，强化大招，但只能强化5次，之后再抽到的同一机娘就会化作该机娘的专属魂玉）完成该副本后，就会展示机娘世界观下的敌我同源，机娘可以被玩家选择变为“深渊化”，“深渊化”的机娘战斗力更强，但相对更接近于疯狂的邪神。卡面和建模也会发生改变,,,,
47041839,1642215907,2dOIO8L,建议手游公司直接来串里抓策划(`ヮ´ )一抓一个准,,,,
47041985,1642216178,xQDEBW5,"插串问个事<br />
肥哥们谁有免费的角色贴图地址啊<br />
橙光角色好丑(;´Д`)",,,,
47042006,1642216216,kCwcuVU,"<font color=""#789922"">&gt;&gt;No.47041985</font><br />
P站?",,,,
47042092,1642216380,xQDEBW5,"<font color=""#789922"">&gt;&gt;No.47042006</font><br />
比较适合插入文字游戏的角色贴图",,,,
47042207,1642216578,V2OwEL1,"<font color=""#789922"">&gt;&gt;No.47042092</font><br />
找个捏脸程序吧",,,,
47042263,1642216646,xQDEBW5,"<font color=""#789922"">&gt;&gt;No.47042207</font><br />
要命.jpg",,,,
47042335,1642216740,kCwcuVU,"<font color=""#789922"">&gt;&gt;No.47042092</font><br />
找点免费素材，用PS或者醒图剪一下",,,,
47042343,1642216753,kAZiwlN,"<font color=""#789922"">&gt;&gt;No.47041985</font><br />
看看老婆生成器?",,,,
47042354,1642216770,kAZiwlN,"<font color=""#789922"">&gt;&gt;No.47042343</font><br />
哦，角色贴图啊，那没事了",,,,
47042958,1642217711,PsiQAlN,gkd,,,,
47043065,1642217909,JfmhUUe,我只能说，gkd,,,,
47043454,1642218648,ma3vUqu,GKD,,,,
47043958,1642219578,vu3HXQA,Po再不更pl就要手搓一个双向並轨2.3.5出来了,,,,
47044192,1642220017,baReEnc,我在想，可不可以在主线剧情中某位机娘被刀之前给她出个“真善美”的特典剧情( ﾟ∀。)7,,,,
47044248,1642220136,ZbEkEdZ,想想斩赤红之瞳，先甜再残,,,,
47044388,1642220421,kpJIDDs,来个人开机娘团吧,,,,
47044429,1642220502,GFjLYPq,“全是夹带私货”,,,,
47045054,1642221709,kCwcuVU,"<font color=""#789922"">&gt;&gt;No.47044388</font><br />
许久不开团的串下，肥肥们已经开始产团了",,,,
47045277,1642222118,bHF53f4,"拿苍蓝和安吉代了师姐<br />
（图源苍蓝夕九时大大） ",2022-01-15/61e25224bce25,.jpg,,
47045344,1642222221,bHF53f4,“笑面”,2022-01-15/61e2528bd389e,.jpg,,
47045467,1642222423,49rq1PO,gkd,,,,
47046222,1642223717,kAZiwlN,gkd,,,,
47047726,1642226399,aXOK6ee,gkd,,,,
47047987,1642226790,kpJIDDs,"<font color=""#789922"">&gt;&gt;No.47047382</font><br />
开啦(　ﾟ 3ﾟ)",,,,
47049375,1642229281,kCwcuVU,"内测阶段开活动<br />
鼓励玩家进行机娘二创，把自己的二创作品及账号发送到策划的邮箱中，或者首氪一单，就能获得活动限定UR稀有度角色（UR稀有度设定，只会出一到两次卡池之后不会复刻的绝版角色）<br />
UR角色——薛定喵<br />
外观为披着科技感网格装清新淡绿色的带着猫耳风衣的loli机娘，因为自身的不确定性，从遥远平行世界的量子之海抵达这个世界，为基地中的各位提供援助<br />
口癖是在任何话的末尾带上一句“喵～”，喜欢吃稠鱼烧。性格为充满随机性的少女，好奇心很强，就像猫一样。<br />
白值为普通SR角色平均水准，一技能“喵喵狂挠”对范围内一名单位造成自身单次攻击的300％到700％伤害，附带随机10回合以内的单次伤害50％到150％流血效果。二技能“猫猫猛冲”强制前方一名单位位移不固定距离。三技能“量子祝福”使一名单位的任意技能效果成功率上升10％，大招【囚于量子之笼的暗猫】加护全队，如果下一回合阵亡，则有50％至70％概率滴血复活，持续三回合<br />
承诺本活动角色只会在公测时再次开放一次，此后永久不再复刻",,,,
47054426,1642237929,4s0OCw7,剧情发展当然得是大家都善意乐观满怀希望的be呢！,,,,
47055034,1642239053,OBrw7Cn,"<font color=""#789922"">&gt;&gt;No.47047987</font><br />
搞快点",,,,
47055063,1642239101,V2OwEL1,"<font color=""#789922"">&gt;&gt;No.47055034</font><br />
你也搞快点(´∀((☆ミつ",,,,
47055196,1642239339,VtgnvIx,可恶我好想按着OBr的脑袋让他快点写啊( `д´)σ,,,,
47055691,1642240168,lWFN4QQ,国科大国科大,,,,
47056621,1642241882,xQDEBW5,"<font color=""#789922"">&gt;&gt;No.47055034</font><br />
不务正业了属于是<br />
呜呜呜我的更新(;´Д`)",,,,
47056956,1642242402,OBrw7Cn,"※最终选择缝合角色扮演+卡牌对战的多。<br />
<br />
“角色扮演要有，卡牌对战也要有，这样才算得上健全。”<br />
<br />
宏观策划+即时战斗是一种非常成熟的模式，不少二次元手游都在采用，比如《少女前〇》《最〇战姬》。但似乎难以体现卡牌的构建和对战感。<br />
<br />
而角色扮演的战斗最注重的是战场感，需要发生在真枪实弹的战场上，才能有扮演的代入感！这两者可以说非常冲突……<br />
<br />
“角色战斗和打牌到底怎么兼容啊？完全不可——”你苦恼地挠挠头，“等等，假如说，卡牌对战的战局不在战场上呢？”<br />
<br />
“社长，你到底想说什么？”<br />
<br />
“冲人，我不做战场了！”<br />
<br />
“纳尼？”<br />
<br />
“一个屏幕，两个战局！冲人，我真他娘是个天才！”<br />
<br />
技能建构要保留，卡牌对战也要有，那索性技能就是卡牌、卡牌就是技能。所以，战斗系统应该是……<br />
<br />
你有了几个点子。<br />
1.半屏即时对战战局：右手操控指定机娘，开火移动；半屏AI指令战局：左手打牌调控所有机娘，卡牌不参与直接对战。<br />
2.小兵纯移动战场战局，双手操控+智能队友开无双；boss战在移动战场和卡牌对战来回切换，牌库跟机娘组合挂钩。<br />
3.回合即时切换制，时停出牌选定技能，出牌后切换即时对战。<br />
4.我还有更好的点子……",,,,
47056998,1642242488,8UOpkii,已经开始看不懂了( ﾟ∀。),,,,
47057096,1642242616,OBrw7Cn,"<font color=""#789922"">&gt;&gt;No.47039692</font><br />
<font color=""#789922"">&gt;&gt;No.47040712</font><br />
<font color=""#789922"">&gt;&gt;No.47041330</font><br />
不得不说，你们真他娘是人才啊<br />
<br />
我怀疑我团里有手游狗策划和被狗策划骗肝骗氪的幽怨玩家，在打算报复社会",,,,
47057101,1642242618,kpJIDDs,求更多机娘，编不下去了(ゝ∀･),,,,
47057296,1642242911,OBrw7Cn,"<font color=""#789922"">&gt;&gt;No.47056998</font><br />
(　ﾟ 3ﾟ)简洁版<br />
1.俺寻思玩家可以同时即时战斗和打牌<br />
2.小兵让玩家无双，boss战加入费脑细胞的打牌<br />
3.先打牌叠buff，牌完就开打<br />
<br />
(ゝ∀･)等等，或许我们不应该太局限……<br />
4.看过《象棋王》《游戏王》动画没有？机娘本身就是牌！<br />
5.摩多摩多",,,,
47057440,1642243108,xQDEBW5,"卡牌和即时对战为什么不能缝合到一起呢？<br />
近未来时代有残存网络对吧，不如加入电子战，用两种风格切换交替。<br />
<br />
总基地因为机娘需求和文明重建需求而必须建立一套完整的电子网络，而敌人不会坐以待毙，他们时不时会入侵网络进行电子战达到切后排的效果。人类方无法上传机娘到网络上，只能将各类病毒和修理工具转化成虚拟卡牌对付侵入者ᕕ( ᐛ )ᕗ",,,,
47057500,1642243207,xQDEBW5,"<font color=""#789922"">&gt;&gt;No.47057101</font><br />
病娇？",,,,
47057631,1642243378,oUKCW3l,要不做成机动爱丽丝那种 再加个指挥官卡牌支援的系统  闲置角色ai操作 或者根据玩家指令行动  角色行动攻击获得费用 啥的,,,,
47058745,1642245005,kCwcuVU,3吧，时停改为关键时刻子弹时间出“牌”，换种说法是下达战略,,,,
47058758,1642245028,s9NYlow,a,,,,
47058777,1642245053,s9NYlow,4,,,,
47058783,1642245069,GFjLYPq,Q！T！E！,,,,
47058941,1642245319,PsiQAlN,1,,,,
47059206,1642245705,GTa2NUB,3,,,,
47059209,1642245710,l8tUZOK,"<font color=""#789922"">&gt;&gt;No.47058745</font>",,,,
47059782,1642246536,YSYP23i,2,,,,
47059972,1642246777,IZpnYfk,"<font color=""#789922"">&gt;&gt;No.4705874</font>",,,,
47060108,1642246943,IZpnYfk,"<font color=""#789922"">&gt;&gt;No.47059972</font><br />
 刚刚fy的时候不小心弄少了一个数，选3",,,,
47060169,1642247025,PsiQAlN,"<font color=""#789922"">&gt;&gt;No.47058745</font><br />
我想的是关键时刻切成2d上帝视角，然后点击敌方单位就能看到当前的前摇动作并提示还有x个时间点放出技能，而我们给机娘下达一系列的指令，例如移动，防御，进攻，尝试闪躲，给奶等，每个行动也要花费一定的时间点，有点像下棋，你根据点击敌方单位观察动作前摇来猜测敌方接下来的行为，然后自己通过调度机娘来counter对面。每个机娘花费的时间点不共享(因为可以同时行动)，而且可以略微超出敌方放技能的时间点，等于是给一点容错率，这样玩家可以，比如说选择硬吃一个技能然后马上让奶妈奶一口之类的",,,,
47060320,1642247198,PsiQAlN,"<font color=""#789922"">&gt;&gt;No.47060169</font><br />
然后点确定就会回到第一视角，机娘会按指令行动，而被操控的本体可以在之前那个选择被调度(也就是自动完成接下来的一段战斗)或者玩家实操配合其他机娘，后者的话如果对于自己的猜测把握不够就可以选，毕竟人操控意味着可以随机应变",,,,
47060502,1642247452,PsiQAlN,"<font color=""#789922"">&gt;&gt;No.47060169</font><br />
然后再稍微强调，因为是时间点，所以花费的时间点是会根据移动的远近和动作的数量有所变化的，比如我移动一个是一个时间点，两格就需要两个时间点，跟一个行为花一个行动点那个行动点不一样",,,,
47060634,1642247625,PsiQAlN,这样可能就带点魂味了，可能需要尝试通关多次来彻底了解敌方技能，一次通关比较有挑战性,,,,
47060878,1642247910,PsiQAlN,增加难度的话可以让boss先放个群体眩晕或者击倒(可能被己方单位闪避)，然后受控制的单位在前x个时间点必须用来恢复姿态，这样能调度的空间就更小，或者来一个关键时刻，然后boss马上群控再接一个关键时刻(ゝ∀･),,,,
47060933,1642247974,yOXazku,3,,,,
47061767,1642249056,H40ry8B,3,,,,
47065751,1642254663,ma3vUqu,那我们的总体力或者每次尝试所需要的体力必须给玩家一点空间，不能太紧巴巴的,,,,
47067203,1642256581,PsiQAlN,"<font color=""#789922"">&gt;&gt;No.47065751</font><br />
那就可以学那个造桥的游戏，给定较为宽松的上限，整一个排行榜，在花费同样的时间点的情况下比玩家收益，具体收益可以按对敌伤害，己方损失等方式计算，此外如果收益达到一定的程度有额外奖励，同时如果多个关卡收益都比较高的话还能解锁隐藏剧情什么的",,,,
47070946,1642261394,V2OwEL1,"<font color=""#789922"">&gt;&gt;No.47057101</font><br />
机娘“霆光”<br />
外貌：银发，头发会折射阳光（亮闪闪的），淡蓝色曈，<br />
            眼睛在推演时会",,,,
47072627,1642263553,V2OwEL1,"<font color=""#789922"">&gt;&gt;No.47057101</font> <br />
机娘“霆光” （ssr级）<br />
外貌：银发，头发会折射阳光（亮闪闪的），淡蓝色曈，眼睛在推演时会有数据流过。身高155，对B，但体重极轻，轻的不像机娘<br />
性格：没有感情的“概念”，根据数据推演进行下一步行动，无论战场或日常（例如某个初次上阵的机娘崩溃大哭，霆光会依据推演，先给她擦干眼泪，再讲个冷笑话逗笑她。当然，这并不出于感情）<br />
能力：辅攻型机娘，白值总体与同级机娘一致，但闪避更优，相对的，防御较弱。<br />
一技能“余音袅袅”，使阵营中随机一机娘攻击变为2连击，但第二击只有八成伤害（普攻与攻击性技能都生效）持续时间2回合，冷却时间3回合<br />
二技能“余音绕梁”，指定队内2名成员攻击变为二连击（可对自身使用），第二击伤害不变。持续2回合，冷却4回合<br />
三技能“霆光闪烁”，形成全体护盾，同时消除全队成员负面状态（一回合消除一个）有几率触发战续，使退场机娘重新上阵一回合。持续时间无限，但每持续一回合，扣除霆光百分之二十血量（无法回血治疗），一场只能使用一次",,,,
47073488,1642264692,V2OwEL1,"<font color=""#789922"">&gt;&gt;No.47072627</font><br />
常服是白色的风衣，下摆能到膝盖。内衬为黑色毛衣，白短热裤，祼腿（皮肤很白，像玉石）穿有短跟的圆头皮鞋。除毛衣有纹样外没有多余装饰<br />
没有战事时负责基地的无人机研发项目和基地监视任务，（没有机娘知道她是如何做到兼顾两种任务却都完美完成的）出现异常时会马上同时通知所有人员做好准备，同时利用自身能力“干涉”异常（明明实战时这么弱，却能一人解决将尽七成的异常，真是厉害啊——某机娘语）（霆光姐是最靠谱的！——某新手机娘）<br />
<br />
 “霆光正在闪烁……”<br />
“异常己排除。” ",,,,
47073733,1642265091,V2OwEL1,"<font color=""#789922"">&gt;&gt;No.47057101</font><br />
强化本剧情和深渊化我可能还要再想想，目前我的构思是主角逐渐教会霆光感情“是什么”，使只凭“其他人的想法”（就是大数据啦）行事的霆光逐渐有了“自我”肥哥看看感觉如何？",,,,
47074629,1642266518,OBrw7Cn,"※3票数居多，自定义建议也不错，我到时会缝合试试。<br />
<br />
游戏系统，我大概有头猪了。你自信地说明了自己的方案。<br />
<br />
“社长，你这个方案……”袁腾冲人有些迷惑，“卡牌策略还好说。但即时战斗方面，你是决定用3d模型了吗？”<br />
<br />
1.兑，我们要向业内标杆看齐（如《崩〇3rd》）<br />
2.不，纸片人也很可爱（如《明〇方舟》）<br />
3.俺寻思像素风比较省空间（如《克〇〇德战纪》）",,,,
47074650,1642266540,OBrw7Cn,※困觉( ﾟ∀。)没法回家过年，麻了,,,,
47075080,1642267303,PNFioJe,2同一角色同一服装换个姿势就是一张技能卡，给即时战斗加个自动战斗模式，在使用技能卡的时候展示卡面,,,,
47075201,1642267559,bHF53f4,2,,,,
47075293,1642267751,yOXazku,1,,,,
47075348,1642267874,2ykMbRu,2,,,,
47075399,1642267996,H40ry8B,1,,,,
47075429,1642268049,H40ry8B,来个3D漫画风,,,,
47075451,1642268101,yOXazku,"<font color=""#789922"">&gt;&gt;No.47073733</font><br />
bbb厉害",,,,
47076191,1642269724,babobex,111,,,,
47078569,1642280847,xQDEBW5,2,,,,
47079412,1642290945,YSYP23i,2,,,,
47079534,1642291873,GTa2NUB,2,,,,
47080341,1642295159,DXfNPSP,2,,,,
47080393,1642295366,4s0OCw7,"<font color=""#789922"">&gt;&gt;No.47075201</font><br />
fy",,,,
47080793,1642296526,I3ib2BT,2来点便宜货,,,,
47081179,1642297423,kCwcuVU,2,,,,
47081205,1642297471,4LeHtG7,111,,,,
47081809,1642298840,kAZiwlN,"<font color=""#789922"">&gt;&gt;No.47081179</font>",,,,
47082602,1642300647,K2OPOJ0,2咱们的涩涩卡面可要展示出来(`ᝫ´ ),,,,
47082678,1642300852,kpJIDDs,2,,,,
47082691,1642300888,H23j5ES,崩三？狗都不玩(　^ω^),,,,
47082763,1642301056,EZkxTYK,"<font color=""#789922"">&gt;&gt;No.47082691</font><br />
这么大恶意？",,,,
47082837,1642301185,MBhUq42,2(*´∀`),,,,
47084279,1642304050,H23j5ES,"<font color=""#789922"">&gt;&gt;No.47082763</font><br />
只针对米大佐，无关玩家",,,,
47084626,1642304708,V2OwEL1,2，3d做好要花挺多钱的，先整2d,,,,
47084978,1642305310,PsiQAlN,1...,,,,
47085029,1642305386,NvWFajU,2,,,,
47087049,1642308785,rwxm2lM,2,,,,
47087515,1642309568,OBrw7Cn,"“用纸片人，又Q又萌。这样省时省力，而且减少了对玩家的配置要求，也方便解放玩家双手。”<br />
<br />
3D打斗搓玻璃是坏文明。手游消费主力从来都是时间碎片化的上班族，所以一局游戏应该限制在五至十分钟。而纸片人所带来的二维平面战斗，AI计算量较少，可以将智能战斗的体验大幅提高。<br />
<br />
“那都可以全自动吗？”<br />
<br />
“兑，不管是即时战斗部分还是卡牌决策部分，都可以全自动。其中即时战斗部分的自动战斗，你们要给我做出个卖钱的东西，比如说设定一种‘战斗辅助芯片’，等级越高越贵、就越智能……”<br />
<br />
“社长，你是吸金恶魔吗。”<br />
<br />
“我又没有强制玩家氪这个呀。四人小队里不也是可以操控一个自由作战吗？而且每次关键时刻的打牌阶段，玩家也是拥有很大的自由度的嘛。”<br />
<br />
“那卡牌……”<br />
<br />
“卡牌就是技能，跟机娘走。每个机娘都有核心卡牌及其对应的一系列升级牌，这就是她们的技能树。玩家可以通过养成，先构建机娘独特的个人牌库。然后通过无数种搭配组合，构建出无限可能、各种流派的队伍牌库——”<br />
<br />
听到这里，袁腾冲人的肝隐隐作痛。<br />
<br />
“而且要时刻给玩家正反馈。比如每升级一种卡牌/技能，机娘的纸片模型都会产生不同变化……”<br />
<br />
“那万一玩家想体验另一种流派呢？只能洗点吗？”袁腾冲人立刻后悔说出这句话。<br />
<br />
1.保留机娘唯一性，洗点是rpg的一环不爽不要玩<br />
2.俺寻思可以拥有许多同型号的机娘",,,,
47087974,1642310282,xQDEBW5,1,,,,
47088109,1642310468,8UOpkii,1,,,,
47088174,1642310557,dcNzahQ,1,,,,
47088316,1642310805,yOXazku,"呃，想法还是有点差异。<br />
首先“AI芯片”只是一个辅助，类似FGO里的礼装。不一定需要氪。放在卡池里，甚至完成一些活动都会送。由于“AI芯片”模式和效果的多样性所以将其在游戏里的作用也和机娘等同。剧情类游戏忌讳太大的差异性。如果让氪金玩家享轻松，普通玩家怎么肝也无法抵达同等效果。游戏就大概率会寄<br />
其次轻松休闲玩法仅限主线和活动中的幻相难度。通过幻相难度就能过剧情，但是得不到太多游戏道具和祈祷石奖励。幻相难度所需时间一般限定在5到15分钟内。现实难度根据情况翻倍。炼狱开始就是纯战旗类硬核烧脑策略游，类似少〇前线，一局打个一个来小时也是有可能，不过有存档点。但剧情设定更充分，能了解到许多幻相难度下无法知道的世界观设定，带给玩家战场指挥官一般的沉浸式体验与战场无双割草秀操作体验。邪神难度设定为“邪神准备认真和你玩玩儿”，纯折磨玩家或大神挑战极限模式，手游版黑暗之魂。敌人AI装备，属性等皆受到邪神加护，成为深渊化。战术不讲武德，地图，剧情等发生一定改变。为大神玩家和真正的游戏爱好者准备，邪神难度的新手关卡就能让玩家在上满60级的普通机娘还大概率被打得呜呜乱叫，游戏时长一局在6小时以内，不过可以存档。通过邪神难度关卡获得大量奖励，这也是无氪玩家追上氪金大佬的一个途径，想白嫖?就研学!",,,,
47088335,1642310837,PNFioJe,2,,,,
47088435,1642310989,OBrw7Cn,"<font color=""#789922"">&gt;&gt;No.47088316</font><br />
兑，忘写难度进去了<br />
<br />
很优秀（折磨玩家）的设定，给你大母猪|∀ﾟb",,,,
47088621,1642311301,yOXazku,"<font color=""#789922"">&gt;&gt;No.47087515</font><br />
不，不用洗点。机娘的战术卡被称作“符卡”，符卡可以通过不同的游戏道具强化，一般在不同关卡和活动中均有所掉落。符卡有不同的类型。游戏会添加“神经网络”系统，在其中玩家可以自由构筑符卡模式。就像MOBA手游的铭文一样。开几个“神经网络”系统，每个系统都能对应一种构筑，玩家可以选择那些机娘使用这种系统，一个机娘也可以拥有好几种符卡系统，在不同的游戏模式下，开战准备时可以任意切换。",,,,
47088667,1642311387,yOXazku,简单直白的说就是更自由的铭文页,,,,
47088856,1642311709,yOXazku,"还有就是在完成高难度关卡后，会给玩家不同称号。这个称号不会提升游戏收益，只是一个荣誉性的事物。就像有人说我赛〇尔全神庙，怎么体现，要授予玩家一个帅气的称号。称号可以设置使用在游戏账号上，这样在公屏交流和加好友面板上都会有所显示。证明这个人不但是这款游戏的忠实粉丝，还对游戏玩法别有独到理解。<br />
其中在“邪神”难度下全SSS通关章节为最高荣誉称号，完成的玩家将被授予称号——“邪神本神”",,,,
47089073,1642312090,r8CxBze,"大家都好厉害(´ﾟДﾟ`)<br />
<br />
游戏方面讨论了这么多，我来脑洞一下游戏之外的内容吧( ﾟ∀。) <br />
<br />
邪神会不会也存在于现实世界？<br />
<br />
“我”以为自己是在做游戏，从无到有建立自己的神话大系。但那些灵光一闪会不会都是“神明”灌输到“我”脑海中的？<br />
<br />
更进一步讲，我们做游戏的目的是什么？<br />
<br />
当我们写出了最完美的荒诞剧本，配上富有艺术感的扭曲画面，融入震颤灵魂的魔性天籁，用超越时代的新异玩法使人类痴迷其间——能否令神明满意？<br />
<br />
祂感到满意之后，会不会降下力量，把这个枯燥无趣的现实世界化为一场“游戏”？  <br />
<br />
我们又该做些什么？",,,,
47089198,1642312329,yOXazku,"1.身为上层叙事的我们对于这个团的“我”来说就是邪神<br />
2.我们是“我”脑海中的分裂人格，每个人都有自己的思想和独到意志，正是如此“我”才能在创作游戏时保持无限的热情和灵感。因为时时刻刻都在进行着头脑风暴",,,,
47089247,1642312415,H40ry8B,"<font color=""#789922"">&gt;&gt;No.47089198</font><br />
( ﾟ∀ﾟ)",,,,
47089285,1642312470,H40ry8B,"<font color=""#789922"">&gt;&gt;No.47088316</font><br />
fy，保留机娘唯一性，1",,,,
47089372,1642312589,kCwcuVU,"<font color=""#789922"">&gt;&gt;No.47089198</font><br />
这个团没什么超自然因素吧( ・_ゝ・)",,,,